code accident;date;heure;departement;commune;massif;site;"coordonnees
zone depart";altitude;inclinaison;orientation;decedes;blessees;indemnes;activite;locomotion;;
1617-68-01;12/02/2017;13:45;Haut-Rhin;Stosswhir;Hohneck;couloir en Y;"48o02'27"" / 7o00'47""";1300;>45;N;0;0;0;alpinisme;a pieds;;
1516-05-04;24/04/2016;;Hautes-Alpes;Pelvoux;Pelvoux;coup de sabre;;;>45;NO;0;0;0;alpinisme;a pieds;;
1415-74-11;25/08/2015;08:40;Haute-Savoie;Chamonix;Mont Blanc;face nord go–ter;;;;O;0;0;0;alpinisme;a pieds;;
1314-68-01;26/01/2014;;Haut-Rhin;Stosswihr;Vosges;grand couloir dagobert;"7o00'476"" / 48o02'271""";1300;>45;N;0;0;0;alpinisme;a pieds;;
1314-73-02;26/10/2013;13:30;Savoie;Pralognan la Vanoise;Vanoise;passage de rosoire;"45o18'05.6"" / 6o43'58.4""";3450;>45;O;0;0;2;alpinisme;a pieds;;
1718-65-08;31/03/2018;15:30;Hautes-Pyrenees;Ferrere;Haute Bigorre;montagne d'areng / couloir le potager du retraite;"42o54'54.60"" / 0o27'54.20""";1900;35-39;N;1;1;1;alpinisme;a pieds;;
1718-05-10;26/05/2018;14:00;Hautes-Alpes;Chapelle en Valgaudemar;Pelvoux;couloir ouest breche des roux;;;40-44;O;0;1;0;alpinisme;a pieds;;
1314-73-25;04/05/2014;11:15;Savoie;Bessans;Haute Maurienne;face ouest pointe charbonnel;"45o16'48.26"" // 7o3'4.39";3600;>45;O;0;0;0;alpinisme;a pieds;;
1415-09-01;18/01/2015;13:00;Ariege;Auzat;Haute Ariege;secteur etang du pinet;"42o40'59.1"" / 1o23'25.4""";2440;35-39;NO;1;0;0;alpinisme;a pieds;;
1516-74-11;20/06/2016;11:30;Haute-Savoie;Chamonix;Mont Blanc;tacul;32T0335837 /  5080822;4020;30-34;NO;0;1;2;alpinisme;a pieds;;
1415-05-11;28/04/2015;;Hautes-Alpes;Monetier les Bains;Pelvoux;couloir davin;;3000;40-44;N;0;0;0;alpinisme;a pieds;;
1516-74-01;03/01/2016;12:45;Haute-Savoie;Chamonix;Mont Blanc;petite verte grand montets;"45o56'40.4"" / 6o57'46.5";3390;30-34;N;0;1;1;alpinisme;a pieds;;
1516-65-03;17/04/2016;08:30;Hautes-Pyrenees;Bagnere de Bigorre;Haute Bigorre;couloir des poubelles pic du midi (couloir nord est);"42o56'19.26"" / 0o08'53.07""";2360;40-44;NE;0;0;3;alpinisme;a pieds;;
1617-73-17;09/05/2017;11:00;Savoie;Bonneval sur Arc;Haute Maurienne;col du greffier couloir;"45o20'41.38"" / 7o5'44.64""";2990;>45;NO;0;0;3;alpinisme;a pieds;;
1415-05-12;15/09/2015;11:45;Hautes-Alpes;Pelvoux;Pelvoux;dome de neige des Ecrins;"44o55'23.2"" / 6o21'30.7""";3965;40-44;N;1;4;0;alpinisme;a pieds;;
1718-73-01;09/12/2017;15:55;Savoie;Aime;Vanoise;piste pavane;;;;O;0;2;0;autre;a pieds;;
1718-73-06;03/01/2018;16:00;Savoie;Bonneval sur Arc;Haute Tarentaise;lecharenne pont de la lama;"45o23'6"" / 7o4'24""";2500;35-39;SE;0;0;1;habitation;a pieds;;
1415-65-02;01/02/2015;08:15;Hautes-Pyrenees;Aulon;Haute Bigorre;village / couloir La Peyrie;"42o52'10""/0o17'11""";2200;35-39;SE;0;0;2;habitation;a pieds;;
1314-73-20;19/03/2014;14:50;Savoie;Bourg Saint Maurice;Vanoise;face ouest aiguille rouge grande cascade;;;;NO;0;0;0;hors-piste;a pieds;;
1314-05-03;27/12/2013;14:50;Hautes-Alpes;Salle les Alpes;Pelvoux;cucumelle;"44o55'51.9"" / 6o31'31.4""";2150;40-44;NE;1;0;0;hors-piste;a pieds;;
1617-73-10;13/02/2017;10:35;Savoie;Tignes;Haute Tarentaise;pentes du lavachet;"45o27'54.74"" / 6o55'6.35""";2450;40-44;NO;4;0;0;hors-piste;a pieds;;
1718-74-15;06/02/2018;12:00;Haute-Savoie;Giettaz;Aravis;pointe de blonniere couloir face est;"45o51'23.50"" / 6o27'12.10""";2360;>45;NE;0;0;1;randonnee;a pieds;;
1415-64-01;17/02/2015;16:15;Pyrenees-Atlantiques;Eeaux Bonnes;Ossau;route D918 / ravin des arrious;"42o57'58.4"" / 00o19'41.3""";1690;35-39;SO;4;0;1;randonnee;a pieds;;
1516-66-01;20/03/2016;11:00;Pyrenees-Orientales;Porte Puymorens;Capcir Puymorens;roc des isards;;;;O;0;0;0;randonnee;a pieds;;
1617-38-01;20/12/2016;20:00;Isere;Saint Christophe en Oisans;Oisans;refuge pilatte;"44o52'14.33"" / 6o19'52.73""";2560;>45;NE;0;0;0;randonnee;a pieds;;
1516-73-12;25/01/2016;14:50;Savoie;Champagny en Vanoise;Vanoise;vallon de la veliere;;;>45;S;0;0;0;randonnee;a pieds;;
1516-74-09;27/02/2016;13:45;Haute-Savoie;Sixt Fer a Cheval;Chablais;couloir du lion;32T 0331591 / 5098664;1750;35-39;SE;0;0;1;randonnee;a pieds;;
1314-73-22;29/04/2014;11:30;Savoie;Modane;Haute Maurienne;couloir sud aiguille peclet;"45o16'51.4"" / 6o37'26.9""";3490;35-39;S;0;0;4;randonnee;a pieds;;
1415-73-06;29/01/2015;;Savoie;Aillons le vieux;Bauges;col de la cochette;;;;O;1;0;0;randonnee;a pieds;;
1718-73-23;15/03/2018;08:55;Savoie;Beaufort;Beaufortain;legette de mirantin;;;>45;NE;1;0;0;randonnee;a pieds;;
1213-74-01;30/10/2012;11:55;Haute-Savoie;Chamonix;Mont Blanc;aiguille marbree;32T0340153 5079579;3500;30-34;SE;0;0;0;alpinisme;non renseignee;;
1213-73-25;02/05/2013;10:25;Savoie;Pralognan la Vanoise;Vanoise;grands couloirs grande casse;45o24'16''/6o49'01.2'' /// 45o24'05.8''/6o49'02.6'';3530;>45;O;1;0;2;alpinisme;non renseignee;;
1112-74-08;28/04/2012;12:55;Haute-Savoie;Chamonix;Mont Blanc;glacier du milieu;;;;O;0;0;0;alpinisme;non renseignee;;
1213-74-12;13/08/2013;03:50;Haute-Savoie;Chamonix;Mont Blanc;face nord tacul;;4300;40-44;N;2;0;1;alpinisme;non renseignee;;
1213-38-05;30/01/2013;;Isere;Chantelouve;Oisans;voie cros de quinchiol / Gd Armet;5o56'47.2'' // 44o59'01.6'';2320;>45;SE;0;2;0;alpinisme;non renseignee;;
1213-05-08;05/03/2013;;Hautes-Alpes;Revoux;Embrunais Parpaillon;goulotte barre des enfers;;;;O;0;0;0;alpinisme;non renseignee;;
1112-74-09;12/07/2012;05:20;Haute-Savoie;Chamonix;Mont Blanc;mont maudit;32t 0334992 5079521;4200;40-44;N;9;0;0;alpinisme;non renseignee;;
1011-73-01;01/11/2010;09:00;Savoie;Bessans;Haute Maurienne;couloir Roche MIchel;;3100;35-39;N;3;0;0;alpinisme;non renseignee;;
1011-74-12;04/06/2011;17:25;Haute-Savoie;Chamonix;Mont Blanc;aiguille du chardonnet;"45o58'08.5"" / 6o59'51.2""";3650;>45;SO;1;0;0;alpinisme;non renseignee;;
1011-68-02;28/12/2010;13:45;Haut-Rhin;Metzeral;Hohneck;wormspel;"7o1'13.8""  48o2'16""";1244;35-39;NE;0;1;0;alpinisme;non renseignee;;
1213-73-11;20/02/2013;10:00;Savoie;Valloire;Maurienne;camp des rochilles;;2510;30-34;O;1;0;1;entrainement militaire descente couloir;non renseignee;;
1213-73-15;06/03/2013;11:00;Savoie;Modane;Maurienne;vallee perdue valfrejus;45o09'26.9'' / 6o39'25.5'';2200;30-34;NO;0;0;2;hors-piste;non renseignee;;
1213-73-08;08/02/2013;;Savoie;Saint Martin de Belleville;Vanoise;cime caron;;;;O;0;0;0;hors-piste;non renseignee;;
1213-73-02;12/12/2012;12:55;Savoie;Tignes;Haute Tarentaise;pente barthelemy aiguille percee;;2750;35-39;NO;1;1;0;hors-piste;non renseignee;;
1213-09-01;15/03/2013;;Ariege;Ax les Thermes;Haute Ariege;;;;;O;0;0;0;hors-piste;non renseignee;;
1213-09-02;15/03/2013;;Ariege;Ax les Thermes;Haute Ariege;;;;;O;1;0;0;hors-piste;non renseignee;;
1112-65-02;18/02/2012;;Hautes-Pyrenees;Vieille Aure;Haute Bigorre;corneblanque;;;;O;0;0;1;hors-piste;non renseignee;;
1112-65-03;19/02/2012;;Hautes-Pyrenees;Bagnere de Bigorre;Haute Bigorre;la blanche;;;;O;0;0;1;hors-piste;non renseignee;;
1213-73-20;19/03/2013;;Savoie;Allues;Vanoise;telesiege cote brune;;;;N;0;0;0;hors-piste;non renseignee;;
1213-73-19;19/03/2013;15:05;Savoie;Avanchers;Maurienne;hors piste des lauzieres;32T 295042 / 5035497;1825;30-34;NE;1;0;0;hors-piste;non renseignee;;
1213-38-06;19/03/2013;11:45;Isere;Ferriere d'Allevard;Belledonne;secteur le pleynet F9;;1850;;O;0;1;0;hors-piste;non renseignee;;
1213-73-18;19/03/2013;15:55;Savoie;Saint Martin de Belleville;Vanoise;lac du lou;32T0306717 / 5018817;1990;40-44;NO;1;0;0;hors-piste;non renseignee;;
1213-38-04;20/01/2013;13:50;Isere;Auris;Grandes Rousses;signal de l'homme;45o03.931'' // 6o04.543';1790;35-39;SO;3;0;0;hors-piste;non renseignee;;
1112-38-05;20/04/2012;15:45;Isere;Vaujany;Grandes Rousses;couloir perrin;32T0272119 5001667;2600;40-44;O;0;1;0;hors-piste;non renseignee;;
1213-74-08;22/03/2013;12:45;Haute-Savoie;Samoens;Chablais;couloir pas de la latte;46o08'16'' / 6o47'34'';2000;40-44;NO;0;0;0;hors-piste;non renseignee;;
1213-05-12;25/03/2013;;Hautes-Alpes;Puy Saint Vincent;Pelvoux;col de bal;;;;O;0;0;0;hors-piste;non renseignee;;
1213-73-04;28/12/2012;;Savoie;Saint Martin de Belleville;Vanoise;lac du lou;;;;O;1;0;0;hors-piste;non renseignee;;
1213-64-01;02/01/2013;12:45;Pyrenees-Atlantiques;Eeaux Bonnes;Aspe Ossau;vallon anglas;;;;O;1;0;0;hors-piste;non renseignee;;
1112-74-03;04/02/2012;12:30;Haute-Savoie;Thollon les Memises;Chablais;tete de neuva;32t0325929 5137421;1840;35-39;NO;0;0;0;hors-piste;non renseignee;;
1213-73-01;05/12/2012;11:25;Savoie;Tignes;Haute Tarentaise;secteur paquerette;;2600;30-34;N;2;0;0;hors-piste;non renseignee;;
1213-74-05;08/02/2013;10:55;Haute-Savoie;Chamonix;Mont Blanc;brevent nant pcheu;N45o55'48.2 // E06o50'14.0;2280;35-39;SE;1;0;0;hors-piste;non renseignee;;
1213-73-09;08/02/2013;11:10;Savoie;Saint Bon Tarentaise;Vanoise;sous pas du roc merlet;32T 314970 / 5026393;2350;30-34;NO;1;0;1;hors-piste;non renseignee;;
1213-65-02;15/03/2013;;Hautes-Pyrenees;Bagnere de Bigorre;Haute Bigorre;sud pic du midi de bigorre;;;;S;0;0;0;hors-piste;non renseignee;;
1213-06-01;15/04/2013;13:25;Alpes-Maritimes;Saint Etienne Tinee;Mercantour;secteur dome station auron;"44o12'50"" / 6o54'25""";2150;30-34;E;1;0;0;hors-piste;non renseignee;;
1112-74-05;16/02/2012;;Haute-Savoie;Contamines;Mont Blanc;envers mont joly;;;;O;0;0;0;hors-piste;non renseignee;;
1213-05-02;16/12/2012;12:25;Hautes-Alpes;Risoul;Embrunais Parpaillon;crete de razis;44.597714 / 6.648739;2520;30-34;NO;1;0;0;hors-piste;non renseignee;;
1112-65-01;18/02/2012;;Hautes-Pyrenees;Bagnere de Bigorre;Haute Bigorre;pain de sucre;;;;O;1;0;0;hors-piste;non renseignee;;
1213-73-17;18/03/2013;13:10;Savoie;Montvalezan;Haute Tarentaise;hp des ecudets;45o38'23.0'' / 6o50'41.2'';1880;35-39;SO;1;0;0;hors-piste;non renseignee;;
1213-04-01;19/03/2013;15:30;Alpes-de-Haute-Provence;Montclar;Ubaye;face ouest dormillouse;"44o24'23.6"" / 6o22'56.9""";2340;35-39;O;1;0;0;hors-piste;non renseignee;;
1213-73-05;20/01/2013;;Savoie;Valloire;Maurienne;telesiege montissot;;;;O;1;0;0;hors-piste;non renseignee;;
1213-73-03;21/12/2012;12:05;Savoie;Val d'Isere;Haute Tarentaise;pointe du grand vallon creux de l'ouille;;2755;30-34;N;1;0;0;hors-piste;non renseignee;;
1213-05-03;26/12/2012;15:30;Hautes-Alpes;Molines en Queyras;Queyras;chateau renard couloir NE;;2865;>45;N;0;0;1;hors-piste;non renseignee;;
1112-74-02;29/01/2012;15:55;Haute-Savoie;Chamonix;Mont Blanc;couloir cosmique/la para;45o53'37'' 06o51'51'';2300;;NO;1;0;0;hors-piste;non renseignee;;
1213-73-16;06/03/2013;11:30;Savoie;Tignes;Haute Tarentaise;couloir bois de la laye;45o28'13.4' / 6o55'35.5'';2200;35-39;N;1;1;0;hors-piste;non renseignee;;
1213-05-09;09/03/2013;10:30;Hautes-Alpes;Molines en Queyras;Queyras;combe crose;;2600;;O;1;0;1;hors-piste;non renseignee;;
1011-05-05;02/03/2011;16:40;Hautes-Alpes;Val des Pres;Queyras;vallon de Vachette / secteur ombilic;;2005;35-39;NO;0;0;1;hors-piste;non renseignee;;
1011-73-21;02/12/2010;11:30;Savoie;Tignes;Haute Tarentaise;toviere;;2580;35-39;O;0;1;0;hors-piste;non renseignee;;
1011-05-10;03/04/2011;11:30;Hautes-Alpes;Risoul;Embrunnais;les c“tes du lievre;;2400;;NO;0;1;0;hors-piste;non renseignee;;
1011-73-09;04/03/2011;15:15;Savoie;Val d'Isere;Haute Tarentaise;barriere de quartz;;2400;35-39;NO;0;1;0;hors-piste;non renseignee;;
1011-73-10;04/03/2011;;Savoie;Villarodin Bourget;Maurienne;station la norma;;;;O;0;1;0;hors-piste;non renseignee;;
1011-73-11;05/03/2011;14:30;Savoie;Bessans;Haute Maurienne;andagne;;3000;;NO;0;1;1;hors-piste;non renseignee;;
1011-66-01;05/03/2011;12:50;Pyrenees-Orientales;Porte Puymorens;Capcir Puymorens;face NO pic de l'Estagnol;;2300;35-39;NO;0;1;0;hors-piste;non renseignee;;
1011-05-01;08/01/2011;11:06;Hautes-Alpes;Monetier les Bains;Pelvoux;cibouit;;;;O;0;0;1;hors-piste;non renseignee;;
1011-73-03;09/12/2010;12:37;Savoie;Val d'Isere;Haute Tarentaise;charvet couloir des pisteurs;45o25'39.9''  6o57'13.3'';2650;>45;N;1;1;0;hors-piste;non renseignee;;
1011-73-22;10/01/2011;;Savoie;Tignes;Haute Tarentaise;couloir des tuffs;;2400;35-39;O;0;1;0;hors-piste;non renseignee;;
1011-73-07;11/01/2011;11:03;Savoie;Val d'Isere;Haute Tarentaise;pointe du grand vallon;"45o26'38.9""  7o02'16.6""";2700;35-39;N;4;0;1;hors-piste;non renseignee;;
1011-38-03;12/01/2011;13:30;Isere;Deux Alpes;Oisans;chalance;;2800;30-34;SO;0;0;2;hors-piste;non renseignee;;
1011-73-13;18/03/2011;13:00;Savoie;Meribel;Vanoise;mont du vallon lac du borgne;;;;O;1;0;0;hors-piste;non renseignee;;
1011-73-12;18/03/2011;12:00;Savoie;Val d'Isere;Haute Tarentaise;envers de cugna‹;;2850;35-39;NO;1;0;0;hors-piste;non renseignee;;
1011-05-09;19/03/2011;15:30;Hautes-Alpes;Molines en Queyras;Queyras;rif ousselat;32t 0333526  4953556;2540;40-44;N;1;0;0;hors-piste;non renseignee;;
1011-73-23;20/03/2011;10:00;Savoie;Tignes;Haute Tarentaise;oreilles de mickey;;2600;;SO;0;2;0;hors-piste;non renseignee;;
1011-73-15;21/03/2011;12:40;Savoie;Lanslebourg;Haute Maurienne;;;2530;;NE;0;0;2;hors-piste;non renseignee;;
1011-74-04;21/12/2010;;Haute-Savoie;Samoens;Chablais;station;;;;O;0;2;0;hors-piste;non renseignee;;
1011-38-02;26/12/2010;15:15;Isere;Alpe d'Huez;Grandes Rousses;pic blanc;;3200;;O;0;1;0;hors-piste;non renseignee;;
1011-73-17;31/03/2011;11:10;Savoie;Val d'Isere;Haute Tarentaise;solaise;;3000;35-39;SE;0;1;1;hors-piste;non renseignee;;
1213-73-23;01/04/2013;;Savoie;Saint Martin de Belleville;Vanoise;face ouest aiguille des st peres;;2800;;O;0;0;0;hors-piste;non renseignee;;
1213-73-13;02/03/2013;16:40;Savoie;Sainte Foy Tarentaise;Haute Tarentaise;sous pointe des gavies / ruisseau des gavies;45o35'44.6'' 6o57'20.2'';2200;30-34;N;0;0;1;hors-piste;non renseignee;;
1213-05-05;03/02/2013;;Hautes-Alpes;Montgenevre;Thabor;vallon des baysses;;;;O;0;0;0;hors-piste;non renseignee;;
1213-73-07;03/02/2013;;Savoie;Saint Martin de Belleville;Vanoise;lac du lou;;;;O;0;0;0;hors-piste;non renseignee;;
1112-74-04;04/02/2012;11:15;Haute-Savoie;Mieussy;Chablais;combe du velard;32T03116945113758;1780;;NO;0;1;0;hors-piste;non renseignee;;
1213-74-04;05/02/2013;16:10;Haute-Savoie;Chatel;Chablais;telesiege des combes;;;;O;0;1;0;hors-piste;non renseignee;;
1213-73-14;05/03/2013;16:15;Savoie;Valloire;Maurienne;combe des granges;;;35-39;NO;1;0;1;hors-piste;non renseignee;;
1011-73-18;01/04/2011;11:35;Savoie;Val d'Isere;Haute Tarentaise;face est de Charvet;;2660;40-44;E;0;1;0;hors-piste;non renseignee;;
1011-73-04;10/12/2010;15:00;Savoie;Orelle;Vanoise;hors-piste sous cime caron;"45o15'7.9"" 6o33'32.7""";2820;30-34;S;0;1;3;hors-piste;non renseignee;;
1011-73-05;26/12/2010;09:34;Savoie;Val d'Isere;Haute Tarentaise;combe du signal;"45o25'47.5""  7o01'40.6""";2740;40-44;N;1;0;1;hors-piste;non renseignee;;
1011-38-05;28/02/2011;;Isere;Correncon en Vercors;Vercors;rancs de combevieux;"45o00'18.4"" / 5o32'40.5''";1850;30-34;N;1;2;0;hors-piste;non renseignee;;
1011-38-04;21/02/2011;14:00;Isere;Deux Alpes;Oisans;chalance;;2500;30-34;SO;0;0;2;hors-piste;non renseignee;;
1112-74-01;21/01/2012;10:00;Haute-Savoie;Praz sur Arly;Mont Blanc;cret du midi;;1780;>45;NE;0;0;1;minage;non renseignee;;
1011-74-07;24/12/2010;15:00;Haute-Savoie;Vallorcine;Mont Blanc;balme;;2175;>45;NE;0;1;0;minage;non renseignee;;
1213-05-14;19/04/2013;10:20;Hautes-Alpes;Vars;Embrunais Parpaillon;piste bleue vallon crete peyrol;;2300;;O;0;0;0;piste;non renseignee;;
1213-73-21;29/03/2013;16:15;Savoie;Bourg Saint Maurice;Vanoise;piste rouge grand renard balise nø14;;2490;40-44;E;1;0;0;piste;non renseignee;;
1112-31-02;05/04/2012;15:30;Haute-Garonne;Bagneres de Luchon;Luchonnais;sentier cascade enfer;;;;NE;2;0;0;randonnee;non renseignee;;
1213-74-10;01/04/2013;13:30;Haute-Savoie;Contamines;Beaufortain;col des chasseurs;;2400;35-39;N;0;0;2;randonnee;non renseignee;;
1112-38-01;06/02/2012;15:30;Isere;Morte;Oisans;pas de la mine;4502059 00554024;2400;30-34;NO;1;0;0;randonnee;non renseignee;;
1112-05-02;10/03/2012;11:25;Hautes-Alpes;Ristolas;Queyras;pic de segur;"44o44'.28.6"" 6o58'04.1""";2770;30-34;NO;0;0;0;randonnee;non renseignee;;
1112-05-01;10/12/2011;14:40;Hautes-Alpes;Puy Saint Vincent;Pelvoux;vallon de narreyroux;;2600;<30;NE;1;0;0;randonnee;non renseignee;;
1213-05-07;13/02/2013;14:15;Hautes-Alpes;Arvieux;Queyras;barre noire villargaudin;44o44'33.1 / 6o44'204;2400;30-34;E;0;0;0;randonnee;non renseignee;;
1213-73-10;13/02/2013;12:55;Savoie;Cote d'Aime;Vanoise;combe benite;;2400;;O;1;0;1;randonnee;non renseignee;;
1213-05-15;13/04/2013;10:00;Hautes-Alpes;Orcieres;Champsaur;mourre froid;"44o38'39.6"" / 6o23'53.3""";2500;30-34;NO;0;0;1;randonnee;non renseignee;;
1213-38-08;14/04/2013;09:55;Isere;Saint Christophe en Oisans;Oisans;col de la lauze;;2900;30-34;SE;0;0;0;randonnee;non renseignee;;
1213-74-11;14/04/2013;13:10;Haute-Savoie;Vallorcine;Mont Blanc;tete de la chevrette;46o01'43.9'' / 6o54'13.3'';1970;30-34;S;0;0;0;randonnee;non renseignee;;
1112-73-07;17/04/2012;19:00;Savoie;Saint Martin de Belleville;Vanoise;mont du borgne;32T 0312336 5019279;2950;40-44;NO;0;0;1;randonnee;non renseignee;;
1112-31-01;18/02/2012;;Haute-Garonne;Bagneres de Luchon;Luchonnais;pic d'aubas;"42o44'47.66"" 0o39'42.89""";2030;30-34;NO;0;0;0;randonnee;non renseignee;;
1213-74-09;22/03/2013;09:35;Haute-Savoie;Chamonix;Mont Blanc;carlaveyron;6o49'29.9'' // 45o55'59.8'';2070;40-44;O;0;0;1;randonnee;non renseignee;;
1112-38-04;23/03/2012;12:10;Isere;Sainte Agnes;Belledonne;ferrouillet;"45o12'360"" 5o59'590""";2200;35-39;N;0;1;0;randonnee;non renseignee;;
1112-05-04;24/03/2012;11:30;Hautes-Alpes;Saint Veran;Queyras;pas de la cula;"44o39'32.6"" 6o54'38.9""";2980;35-39;NO;0;0;0;randonnee;non renseignee;;
1213-05-13;25/03/2013;13:45;Hautes-Alpes;Orcieres;Champsaur;la coupa;44o37'340 / 6o18'089;2600;30-34;N;0;1;0;randonnee;non renseignee;;
1213-05-16;13/04/2013;13:00;Hautes-Alpes;Orcieres;Champsaur;mourre froid;44o38'39'' / 6o23'38'';2750;30-34;N;1;0;1;randonnee;non renseignee;;
1112-73-06;17/04/2012;19:00;Savoie;Saint Martin de Belleville;Vanoise;mont du borgne;32T 0312336 5019279;2950;40-44;NO;1;0;0;randonnee;non renseignee;;
1213-74-07;19/03/2013;;Haute-Savoie;Bernex;Chablais;;;;;O;0;1;0;randonnee;non renseignee;;
1011-73-19;03/04/2011;13:00;Savoie;Bessans;Haute Maurienne;vallon oney - ouille arberon;;2500;35-39;NO;0;1;3;randonnee;non renseignee;;
1011-68-01;17/12/2010;12:40;Haut-Rhin;Mittlach;Hohneck;couloir du rainkopf;"48o0'260""  6o58'592""";1300;30-34;E;0;1;0;randonnee;non renseignee;;
1011-09-01;18/02/2011;;Ariege;Ustou;Couserans;etang de la lacarde;"42o44'30.5""  1o16'22.4""";2000;30-34;N;0;0;1;randonnee;non renseignee;;
1011-05-07;18/03/2011;14:00;Hautes-Alpes;Ceillac;Queyras;ravin clausis;"44o38'32.9""  6o51'40.9""";2300;30-34;N;1;0;0;randonnee;non renseignee;;
1011-05-08;19/03/2011;12:05;Hautes-Alpes;Ceillac;Queyras;vallon beaubarnon;32t 0328612  4945259;2530;30-34;N;3;0;1;randonnee;non renseignee;;
1011-74-11;20/03/2011;12:05;Haute-Savoie;Magland;Aravis;face nord pointe d'Areu;32t 0312804  5094955;2430;35-39;NO;1;0;0;randonnee;non renseignee;;
1011-73-16;21/03/2011;12:54;Savoie;Sainte Foy Tarentaise;Haute Tarentaise;pointe de l'argentiere;;2750;35-39;NO;0;1;1;randonnee;non renseignee;;
1011-74-03;21/12/2010;13:20;Haute-Savoie;Chamonix;Chablais;combe d'encrenaz;32t0338270  5096477;2300;40-44;SE;0;0;1;randonnee;non renseignee;;
1011-31-01;22/02/2011;;Haute-Garonne;Ombleze;Vercors;vallon d'esquierry;"42o45'20.8""  00o27'56.2""";2250;35-39;SE;2;0;0;randonnee;non renseignee;;
1011-73-08;26/02/2011;11:30;Savoie;Montricher Albanne;Maurienne;col du pertuite grande chible;"45o10'42.9""  6o23'09.6""";2500;30-34;NE;0;0;1;randonnee;non renseignee;;
1011-05-04;26/02/2011;16:10;Hautes-Alpes;Orcieres;Champsaur;col combeau / grande autane;32t 0292853  4947510;2100;40-44;N;0;1;2;randonnee;non renseignee;;
1011-63-01;28/11/2010;14:00;Puy-de-Dome;Mont Dore;Sancy;puy redon / couloir de l'envers du redon;"45o31'58.0""  2o48'23""";1725;40-44;NO;0;1;0;randonnee;non renseignee;;
1213-73-22;01/04/2013;14:00;Savoie;Allues;Vanoise;aiguille du fruit;6o37'49.5'' / 45o21'12.8'';2900;>45;NO;0;0;0;randonnee;non renseignee;;
1213-38-07;07/04/2013;11:45;Isere;Allemond;Belledonne;col de roche noire;5o59'20.9'' // 45o11'09'8'';2600;40-44;E;0;0;3;randonnee;non renseignee;;
1112-73-04;09/04/2012;11:30;Savoie;Pralognan la Vanoise;Haute Maurienne;combe de rosoire;;3200;;NO;0;0;0;randonnee;non renseignee;;
1213-05-10;15/03/2013;13:30;Hautes-Alpes;Monetier les Bains;Oisans;route du galibier;;;;O;0;0;0;randonnee;non renseignee;;
1112-04-01;16/02/2012;14:45;Alpes-de-Haute-Provence;Saint Paul sur Ubaye;Ubaye;col girardin crete observatoire;"44o36'27.4"" 6o49'42.9""";2800;30-34;SO;0;0;0;randonnee;non renseignee;;
1112-38-02;17/02/2012;08:25;Isere;Saint Pierre de Chartreuse;Chartreuse;combe bovinant;"45o22'52.35"" 5o48'52.64""";1774;35-39;O;1;0;0;randonnee;non renseignee;;
1112-38-03;17/02/2012;14:05;Isere;Vaujany;Grandes Rousses;rissiou;"45o10'.730"" 6o04'903""";2050;35-39;SE;1;0;0;randonnee;non renseignee;;
1213-74-03;19/01/2013;13:10;Haute-Savoie;Abondance;Chablais;mont de grange;;2100;40-44;O;0;0;0;randonnee;non renseignee;;
1112-05-03;20/03/2012;10:00;Hautes-Alpes;Saint Crepin;Queyras;pic beal traversier;;2800;40-44;N;0;0;0;randonnee;non renseignee;;
1213-74-06;26/02/2013;09:30;Haute-Savoie;Saint Gervais les Bains;Mont Blanc;mont lachat;45.86970 / 6.78810;1970;35-39;SO;0;0;0;randonnee;non renseignee;;
1112-73-08;29/04/2012;13:40;Savoie;Bonneval;Vanoise;;;;;O;0;0;0;randonnee;non renseignee;;
1112-26-01;05/02/2012;12:55;Drome;Glandage;Vercors;jocou;"44o42'43.37""/5o38'51.03""";1680;30-34;S;1;0;1;randonnee;non renseignee;;
1213-38-03;12/01/2013;11:30;Isere;Pinsot;Belledonne;pic des grandes lanches;;;35-39;O;0;0;1;randonnee;non renseignee;;
1213-38-01;13/12/2012;12:45;Isere;Saint Christophe sur Guiers;Chartreuse;col de lechaud;5o48'38.2'' // 45o23'20.3'';1680;30-34;NO;2;0;0;randonnee;non renseignee;;
1112-74-06;21/02/2012;10:00;Haute-Savoie;Bellevaux;Chablais;pointe de chalune;32t 031303 5116923;2050;40-44;O;0;0;0;randonnee;non renseignee;;
1213-73-24;14/04/2013;;Savoie;Aussois;Vanoise;chaise aux papes / dent parrachee;6o45'13.8'' / 45o17'18.2'';3600;30-34;SE;6;0;0;randonnee;non renseignee;;
1011-26-01;03/12/2010;16:00;Drome;Ombleze;Vercors;roc de toulan;"44o53'26.8""  05o14'05.4""";1000;30-34;O;0;1;0;randonnee;non renseignee;;
1011-74-02;04/12/2010;13:05;Haute-Savoie;Clusaz;Aravis;combe borderan;"6o28'30"""" 45o53'10''";2350;;NO;0;3;0;randonnee;non renseignee;;
1011-38-01;05/12/2010;11:45;Isere;Saint Pierre de Chartreuse;Chartreuse;col des ayes;"45o18'39.7""  5o50'23.9""";1570;35-39;NE;3;0;0;randonnee;non renseignee;;
1011-65-02;08/05/2011;10:00;Hautes-Pyrenees;Gedre;Haute Bigorre;pic de Gabiedou;31T 0262103  4733774;2280;>45;NO;1;0;0;randonnee;non renseignee;;
1011-73-06;14/12/2010;12:50;Savoie;Tignes;Haute Tarentaise;grande combe / grande sassiere;"45o30'22.2""  6o58'33.6""";3100;35-39;SO;1;0;0;randonnee;non renseignee;;
1011-73-20;16/05/2011;09:35;Savoie;Orelle;Vanoise;col de gebroulaz;;3434;30-34;E;0;0;1;randonnee;non renseignee;;
1011-74-10;17/03/2011;15:15;Haute-Savoie;Chamonix;Mont Blanc;plan de l'aiguille torrent de blaitiere;"45o54'28.4""  6o53'42.3""";2230;35-39;N;0;1;0;randonnee;non renseignee;;
1011-05-03;19/02/2011;13:10;Hautes-Alpes;Orcieres;Champsaur;col de la montagne haute / mourre froid;;2800;35-39;N;0;1;2;randonnee;non renseignee;;
1011-74-06;22/12/2010;11:00;Haute-Savoie;Hauteluce;Mont Blanc;col de la fenetre;;2150;<30;O;0;2;0;randonnee;non renseignee;;
1011-74-08;26/12/2010;10:55;Haute-Savoie;Reposoir;Aravis;col de l'encrenaz;;1950;30-34;S;0;1;0;randonnee;non renseignee;;
1011-74-01;28/11/2010;12:00;Haute-Savoie;Mieussy;Chablais;haute-pointe;;1950;40-44;SE;0;0;2;randonnee;non renseignee;;
1011-05-02;30/01/2011;10:00;Hautes-Alpes;Molines en Queyras;Queyras;col agnel;32t0339842  4950312;2650;35-39;O;1;0;3;randonnee;non renseignee;;
1213-38-02;02/01/2013;;Isere;Morte;Oisans;pas de la mine;5o54'05.2'' // 45o02'02.3'';2450;35-39;O;0;0;0;randonnee;non renseignee;;
1213-65-01;06/03/2013;16:00;Hautes-Pyrenees;Saint Lary Soulan;Haute Bigorre;GR Espiaube Plat Adet;;;;O;0;0;6;randonnee;non renseignee;;
1112-73-02;18/02/2012;11:05;Savoie;Jarsy;Bauges;face SO mont de la Coche;32T0283745 5060850;1980;30-34;SO;0;0;1;randonnee;non renseignee;;
1213-73-12;26/02/2013;16:40;Savoie;Pralognan la Vanoise;Vanoise;cirque du petit arcellin;45o23.017'' 6o45.689'';2100;30-34;NO;0;0;1;randonnee;non renseignee;;
1213-73-06;30/01/2013;11:30;Savoie;Sainte Marie de Cuines;Maurienne;crete de la raverotte;45o17'34.9'' / 6o16'47.1'';2000;30-34;NO;0;0;2;randonnee;non renseignee;;
1112-73-01;01/02/2012;10:25;Savoie;Valloire;Maurienne;combe aiguille noire;;;;O;6;0;0;randonnee;non renseignee;;
1112-74-07;03/04/2012;15:50;Haute-Savoie;Chamonix;Mont Blanc;bec de la cluy;32t 03421505 095500;1900;30-34;NO;0;1;0;randonnee;non renseignee;;
1213-74-02;06/12/2012;12:45;Haute-Savoie;Serraval;Aravis;sulens;32t 0295672  5078087;1710;40-44;O;1;0;1;randonnee;non renseignee;;
1112-73-05;09/04/2012;11:30;Savoie;Valmeinier;Maurienne;roche noire;;2800;;O;1;0;0;randonnee;non renseignee;;
1011-74-05;22/12/2010;11:00;Haute-Savoie;Contamines;Mont Blanc;chalet balme;"45o44'57.6""  6o42'33.3""";2050;35-39;SO;0;1;0;randonnee;non renseignee;;
1718-05-03;17/02/2018;;Hautes-Alpes;Villar d'Arene;Oisans;couloir express col roc noir combeynot;;;;O;0;1;0;randonnee;non renseignee;;
1617-73-16;05/05/2017;;Savoie;Avrieux;Haute Maurienne;face NO aiguille scolette;;;;O;0;0;0;randonnee;non renseignee;;
1213-05-06;06/02/2013;;Hautes-Alpes;Freissiniere;Pelvoux;lac palluel;;;;O;0;0;1;randonnee;non renseignee;;
1213-26-01;09/12/2012;;Drome;Bezaudun sur Bine;Vercors Diois;pas de sierra le veyou;;1270;40-44;S;0;0;0;randonnee;non renseignee;;
1617-73-09;12/02/2017;14:55;Savoie;Chatel;Vanoise;la barniere;"45o19'46.4"" / 6o22'14.9""";1490;;O;0;0;0;randonnee;non renseignee;;
1213-05-04;20/01/2013;13:30;Hautes-Alpes;Nevache;Thabor;;;;;O;0;0;0;randonnee;non renseignee;;
1213-05-11;22/03/2013;13:00;Hautes-Alpes;Ceillac;Queyras;col tronchet;;;;O;0;0;0;randonnee;non renseignee;;
1112-73-03;27/02/2012;;Savoie;Doucy en Bauges;Bauges;;;;;O;1;0;0;randonnee;non renseignee;;
1011-74-09;03/03/2011;;Haute-Savoie;Vacheresse;Chablais;pointe de benevent;;;;O;0;2;1;randonnee;non renseignee;;
1011-65-01;06/03/2011;13:30;Hautes-Pyrenees;Cauterets;Haute Bigorre;refuge d'ilheou/pic Ne;;2000;;O;0;1;2;randonnee;non renseignee;;
1011-05-06;16/03/2011;14:30;Hautes-Alpes;Ceillac;Queyras;col du tronchet;;2600;35-39;NO;0;0;1;randonnee;non renseignee;;
1011-73-14;20/03/2011;14:35;Savoie;Champagny en Vanoise;Vanoise;Glieres;;;;O;1;0;0;randonnee;non renseignee;;
1011-73-02;12/11/2010;08:20;Savoie;Val d'Isere;Haute Tarentaise;RD col Iseran Le Quartz;;2480;;N;1;1;0;autre;non renseignee;;
1213-38-09;17/04/2013;;Isere;Freney d'Oisans;Grandes Rousses;proche refuge sarenne;;;35-39;S;1;0;1;autre;non renseignee;;
1516-74-02;11/01/2016;;Haute-Savoie;Chamonix;Mont Blanc;route col des montets;;;;O;0;0;0;autre;non renseignee;;
1213-05-01;14/12/2012;;Hautes-Alpes;Grave;Oisans;rd 1091 les traverses;;;;O;0;0;0;autre;non renseignee;;
1314-09-01;29/03/2014;12:55;Ariege;Rabat les Trois Seigneurs;Couserans;pic des trois seigneurs;;2050;;NE;2;0;0;alpinisme;raquettes;;
1516-74-05;12/02/2016;;Haute-Savoie;Chamonix;Mont Blanc;couloir ortha;;;;NO;0;0;0;randonnee;raquettes;;
1617-05-12;12/03/2017;14:50;Hautes-Alpes;Cervieres;Queyras;face N arpelin;"44o49'38"" / 6o44'20""";2500;35-39;N;0;0;0;randonnee;raquettes;;
1516-68-01;13/02/2016;14:15;Haut-Rhin;Stockersohn;Ballon des Vosges;secteur col des perches;;;;O;0;0;0;randonnee;raquettes;;
1516-65-02;22/03/2016;17:35;Hautes-Pyrenees;Bareges;Haute Bigorre;entree vallon dets coubous;"42o53'38.2"" / 0o6'44.11""";1850;>45;O;0;0;3;randonnee;raquettes;;
1314-66-01;26/01/2014;14:00;Pyrenees-Orientales;Err;Cerdagne Canigou;puigmal err;;;;O;0;0;1;randonnee;raquettes;;
1516-74-06;27/02/2016;18:00;Haute-Savoie;Saint Gervais les Bains;Mont Blanc;mont lachat;32T0328725 / 5081321;2015;30-34;O;0;0;1;randonnee;raquettes;;
1718-38-16;28/12/2017;13:45;Isere;Combe de Lancey;Belledonne;lac de la sitre;"45o10'52"" / 5o57'5""";2120;35-39;SO;0;0;0;randonnee;raquettes;;
1718-74-04;04/03/2018;11:15;Haute-Savoie;Samoens;Chablais;bostan;;;;NO;0;0;1;randonnee;raquettes;;
1415-05-06;08/02/2015;13:30;Hautes-Alpes;Molines en Queyras;Queyras;route col agnel;"44o41'53.0"" / 6o56'55.8""";2340;30-34;SO;1;0;0;randonnee;raquettes;;
1415-05-09;16/02/2015;;Hautes-Alpes;Cervieres;Queyras;col perdu;"44o49'17.2"" / 6o44'30.4""";2550;35-39;NO;2;0;0;randonnee;raquettes;;
1314-73-06;27/12/2013;12:15;Savoie;Saint Bon Tarentaise;Vanoise;vallee avals;;2100;35-39;NE;1;0;0;autre;ski;;
1415-74-10;18/04/2015;10:45;Haute-Savoie;Chamonix;Mont Blanc;face nord aiguille grands montets;32T 341954 / 5090431;3230;40-44;NE;0;0;1;equipement piste;ski;;
1718-74-02;13/02/2018;;Haute-Savoie;Chamonix;Mont Blanc;balme combe d'arve;;;;O;0;1;0;hors-piste;ski;;
1718-65-04;13/02/2018;14:45;Hautes-Pyrenees;Gavarnie;Haute Bigorre;piste gypaete / pic de la Pahule;"42o43'22"" / 0o1'49""";2120;35-39;N;0;0;1;hors-piste;ski;;
1718-73-12;18/02/2018;12:35;Savoie;Val d'Isere;Haute Tarentaise;piste rouge combe du geant / pisaillas;"45o25'48"" / 7o02'47""";3050;>45;S;0;0;2;hors-piste;ski;;
1718-05-05;02/03/2018;17:15;Hautes-Alpes;Grave;Oisans;couloir d'orcieres;"45o1'24"" / 6o15'33""";2400;40-44;NO;0;0;1;hors-piste;ski;;
1718-73-18;04/03/2018;13:15;Savoie;Areche Beaufort;Beaufortain;combe nord col de la bathie;;;;O;0;0;2;hors-piste;ski;;
1718-73-17;04/03/2018;;Savoie;Areche Beaufort;Beaufortain;couloir des grangettes;;;;O;0;1;0;hors-piste;ski;;
1718-74-06;04/03/2018;14:00;Haute-Savoie;Vallorcine;Mont Blanc;posettes;"46o0'55.42"" / 6o56'9.36""";2050;35-39;O;0;0;1;hors-piste;ski;;
1718-73-19;16/03/2018;14:50;Savoie;Lanslebourg;Haute Maurienne;amont de la piste solert;;2550;;O;0;3;0;hors-piste;ski;;
1718-73-22;13/04/2018;12:20;Savoie;Val d'Isere;Haute Tarentaise;grand vallon;;2550;;O;0;0;0;hors-piste;ski;;
1415-73-12;02/02/2015;16:55;Savoie;Bathie;Beaufortain;pionte de la grande combe;"45o39'3.83"" // 6o31'23.53""";2150;30-34;NO;0;0;1;hors-piste;ski;;
1415-74-05;02/02/2015;16:25;Haute-Savoie;Chatel;Chablais;sous le val linga;;1900;;O;0;0;0;hors-piste;ski;;
1314-73-29;02/03/2014;15:00;Savoie;Bonneval sur Arc;Haute Maurienne;;;2900;35-39;N;0;0;0;hors-piste;ski;;
1617-05-07;03/03/2017;12:30;Hautes-Alpes;Risoul;Embrunnais;cabane valbelle;;;;O;0;0;1;hors-piste;ski;;
1617-73-12;03/03/2017;14:25;Savoie;Villaroger;Vanoise;combe des lanchettes;;2300;;O;0;0;0;hors-piste;ski;;
1617-05-03;04/02/2017;;Hautes-Alpes;Devoluy;Devoluy;vallon pierea d'agnere combe sommarel;;2300;;NO;2;0;1;hors-piste;ski;;
1617-05-08;04/03/2017;;Hautes-Alpes;Saint Chaffrey;Pelvoux;couloir NE sous prorel;"44o54'26.67"" / 6o34'50.41""";2440;35-39;NE;0;0;1;hors-piste;ski;;
1314-73-08;05/01/2014;14:05;Savoie;Macot;Vanoise;crete des bourtes;"45o29'56""/6o42'59""";2350;35-39;NO;1;0;1;hors-piste;ski;;
1314-05-04;05/01/2014;15:00;Hautes-Alpes;Pelvoux;Pelvoux;ravin du bouisset;;;;O;0;0;0;hors-piste;ski;;
1516-73-03;05/01/2016;10:24;Savoie;Val d'Isere;Haute Tarentaise;HP du Cairn / Bellevarde;"45o26'39"" / 6o57'17""";2650;40-44;E;2;0;0;hors-piste;ski;;
1415-74-08;05/03/2015;;Haute-Savoie;Chatel;Chablais;secteur piste rennes;;;;O;0;0;0;hors-piste;ski;;
1516-38-02;05/03/2016;12:00;Isere;Adrets;Belledonne;;;;;O;0;0;0;hors-piste;ski;;
1516-04-01;05/03/2016;16:40;Alpes-de-Haute-Provence;Enchastrayes;Ubaye;les roubines / super sauze;"44o20'52.1"" / 6o40'45.4""";1970;40-44;N;0;0;1;hors-piste;ski;;
1516-73-14;06/02/2016;14:35;Savoie;Landry;Vanoise;couloir NO aiguille grive;;;;O;0;0;1;hors-piste;ski;;
1314-09-02;06/03/2014;10:30;Ariege;Ax les Thermes;Haute Ariege;station le saquet;;;;O;1;0;0;hors-piste;ski;;
1415-73-19;06/04/2015;13:35;Savoie;Bourg Saint Maurice;Vanoise;couloir telecabine aiguille rouge;;2700;;O;0;0;0;hors-piste;ski;;
1314-73-10;07/01/2014;11:00;Savoie;Champagny en Vanoise;Vanoise;col des ves;"45o26'42.62"" //6o51'41.38""";2830;35-39;NO;0;0;0;hors-piste;ski;;
1516-38-03;07/03/2016;11:45;Isere;Ferriere d'Allevard;Belledonne;combe perdue;;;;O;0;1;0;hors-piste;ski;;
1617-05-10;07/03/2017;10:05;Hautes-Alpes;Abries;Queyras;crete de gilly / grande combe;"44o47'57.8 / 6o57'28.6""";2430;40-44;N;1;0;0;hors-piste;ski;;
1617-06-01;07/03/2017;12:00;Alpes-Maritimes;Isola;Mercantour;sistron cloutas;;;;O;0;0;1;hors-piste;ski;;
1617-06-02;07/03/2017;14:15;Alpes-Maritimes;Isola;Mercantour;sistron cloutas;;;;O;0;0;1;hors-piste;ski;;
1516-73-04;09/01/2016;13:00;Savoie;Allues;Vanoise;mont de peclet;;;;O;0;0;0;hors-piste;ski;;
1415-74-07;09/02/2015;16:00;Haute-Savoie;Grand Bornand;Aravis;piste noire lachat piste rouge lanche;;;;O;0;0;0;hors-piste;ski;;
1617-05-05;11/02/2017;11:00;Hautes-Alpes;Val des Pres;Queyras;couloir bois vacher;"44o54'20.75"" / 6o42'14.6""";2270;35-39;O;0;0;1;hors-piste;ski;;
1314-74-07;12/02/2014;15:50;Haute-Savoie;Grand Bornand;Aravis;mont lachat de chatillon;45o57,460' / 6o28.772';1975;40-44;SE;0;0;1;hors-piste;ski;;
1617-05-11;12/03/2017;13:55;Hautes-Alpes;Guillestre;Embrunais Parpaillon;crete de razis;;;;N;0;0;1;hors-piste;ski;;
1516-73-05;13/01/2016;13:54;Savoie;Tignes;Haute Tarentaise;pentes du lac de Tignes;"45o27'51"" / 6o54'38";2205;35-39;NO;0;0;1;hors-piste;ski;;
1617-73-02;13/01/2017;11:00;Savoie;Tignes;Haute Tarentaise;secteur palet, entre pentes Lognan et telesiege Tichot;;2400;30-34;SE;1;0;0;hors-piste;ski;;
1314-73-01;13/10/2013;12:10;Savoie;Tignes;Haute Tarentaise;pointe de la grande motte;;3665;35-39;NE;0;0;1;hors-piste;ski;;
1617-73-04;14/01/2017;13:00;Savoie;Saint Bon Tarentaise;Vanoise;saulire;;;;O;1;0;0;hors-piste;ski;;
1415-05-08;14/02/2015;16:00;Hautes-Alpes;Monetier les Bains;Pelvoux;source des fraches;;2200;>45;NO;0;0;1;hors-piste;ski;;
1516-05-02;14/02/2016;12:30;Hautes-Alpes;Vars;Embrunais Parpaillon;chagnon de peinier;;;;O;1;0;0;hors-piste;ski;;
1415-73-05;15/01/2015;15:10;Savoie;Tignes;Haute Tarentaise;couloir lac chardonnet;;2550;>45;NE;1;0;0;hors-piste;ski;;
1516-73-16;15/02/2016;16:25;Savoie;Bonneval sur Arc;Haute Maurienne;pointe d'andagne;"45o20'55.78"" / 7o3'31.19""";3000;40-44;O;1;0;0;hors-piste;ski;;
1314-73-21;15/04/2014;13:15;Savoie;Val d'Isere;Haute Tarentaise;ruisseau du pisset;45o24.244 / 6o57.450;2375;35-39;NO;0;0;1;hors-piste;ski;;
1314-05-08;17/02/2014;;Hautes-Alpes;Saint Veran;Queyras;chateau renard;;;;O;0;0;1;hors-piste;ski;;
1415-05-02;18/01/2015;13:00;Hautes-Alpes;Puy Saint Vincent;Pelvoux;col du bal;;2400;;NE;2;0;0;hors-piste;ski;;
1516-73-07;18/01/2016;15:05;Savoie;Tignes;Haute Tarentaise;couloir des gendarmes;;2600;35-39;NE;0;0;0;hors-piste;ski;;
1516-73-19;19/04/2016;13:05;Savoie;Tignes;Haute Tarentaise;rocher de la grande balme;;2880;40-44;N;0;0;1;hors-piste;ski;;
1516-73-09;20/01/2016;12:25;Savoie;Allues;Vanoise;crete roc des trois/mont de la chambre versant est;"45o19'58"" / 6o34'21""";2650;>45;E;1;0;0;hors-piste;ski;;
1617-73-01;20/11/2016;12:30;Savoie;Champagny en Vanoise;Vanoise;col des ves;;;;O;0;0;1;hors-piste;ski;;
1516-73-10;21/01/2016;;Savoie;Champagny en Vanoise;Vanoise;combe des arrieres;;;;O;0;0;0;hors-piste;ski;;
1314-73-16;26/01/2014;10:05;Savoie;Modane;Haute Maurienne;couloir du seuil valfrejus;32T 316540 / 5003895;2200;35-39;NE;0;0;0;hors-piste;ski;;
1314-73-15;26/01/2014;16:10;Savoie;Tignes;Haute Tarentaise;palet droite Tichat;;2400;30-34;SE;1;0;0;hors-piste;ski;;
1314-05-02;26/12/2013;14:20;Hautes-Alpes;Monetier les Bains;Pelvoux;cucumelle;44o56'046 / 6o30'350;2565;35-39;SO;0;0;1;hors-piste;ski;;
1314-38-02;27/01/2014;12:40;Isere;Chamrousse;Belledonne;piste lacs roberts;45o07.682 / 5o54.499;2170;30-34;SE;0;1;0;hors-piste;ski;;
1314-73-17;27/01/2014;16:30;Savoie;Montchavin;Vanoise;;;;;O;1;0;0;hors-piste;ski;;
1516-73-13;27/01/2016;11:38;Savoie;Saint Bon Courchevel;Vanoise;couloir du ruisseau de la planche / vallee des avanchers;"45o22'5"" / 6o39'39""";2490;30-34;NE;0;0;1;hors-piste;ski;;
1314-73-05;27/12/2013;09:55;Savoie;Saint Jean de Belleville;Vanoise;boismint val thorens;45o16'53.89 / 6o33'14.06;2540;35-39;E;1;0;1;hors-piste;ski;;
1314-74-04;29/12/2013;13:50;Haute-Savoie;Chatel;Chablais;barbossine;;;;O;0;0;0;hors-piste;ski;;
1415-73-07;30/01/2015;16:10;Savoie;Perriere;Vanoise;dou des lanches;;2100;;O;0;0;0;hors-piste;ski;;
1415-74-04;31/01/2015;12:30;Haute-Savoie;Chamonix;Mont Blanc;pre du rocher;32T336030 / 5085683;2190;30-34;NO;1;0;0;hors-piste;ski;;
1415-74-03;31/01/2015;;Haute-Savoie;Chatel;Chablais;les combes;"46o13'59.04"" / 6o48'41.50""";1960;35-39;O;1;0;0;hors-piste;ski;;
1415-73-18;31/03/2015;12:28;Savoie;Tignes;Haute Tarentaise;couloir chardonnet;;2550;30-34;NE;1;0;0;hors-piste;ski;;
1718-73-02;13/12/2017;12:44;Savoie;Tignes;Haute Tarentaise;pointe de fresse / campanules;"45o26'55"" / 6o55'24""";2550;35-39;SE;0;0;0;hors-piste;ski;;
1718-73-07;09/01/2018;;Savoie;Val d'Isere;Haute Tarentaise;solaise super S;;;;O;0;0;0;hors-piste;ski;;
1718-38-06;18/02/2018;15:40;Isere;Saint Christophe en Oisans;Oisans;refuge de la selle;;2850;;S;0;0;0;hors-piste;ski;;
1718-73-16;03/03/2018;16:30;Savoie;Beaufort;Beaufortain;plan des planes;;1550;35-39;NE;0;0;0;hors-piste;ski;;
1718-38-11;04/03/2018;11:55;Isere;Oz en Oisans;Grandes Rousses;poutran;;;;O;0;0;0;hors-piste;ski;;
1718-74-07;04/03/2018;16:00;Haute-Savoie;Vallorcine;Mont Blanc;posettes;"46o0'55.42"" / 6o56'9.36""";2050;35-39;O;0;0;0;hors-piste;ski;;
1718-74-16;08/03/2018;12:10;Haute-Savoie;Giettaz;Mont Blanc;secteur nant de place / petit Torraz;;;35-39;NE;0;0;0;hors-piste;ski;;
1718-05-08;12/03/2018;12:15;Hautes-Alpes;Salle les Alpes;Pelvoux;rochers de l'enfer / serre chevalier;"44o54'44.5"" / 6o32'32.4""";2300;40-44;N;0;0;0;hors-piste;ski;;
1718-65-07;21/03/2018;11:40;Hautes-Pyrenees;Bagnere de Bigorre;Haute Bigorre;pic du midi;;;;O;0;0;0;hors-piste;ski;;
1718-38-17;23/03/2018;13:15;Isere;Mont de Lans;Oisans;combe de chalance / piege … surfers;"45o0'16"" / 6o11'31""";2840;40-44;O;0;1;0;hors-piste;ski;;
1718-74-14;29/03/2018;15:00;Haute-Savoie;Araches la Frasse;Chablais;;;1700;>45;O;0;1;0;hors-piste;ski;;
1718-73-21;31/03/2018;11:45;Savoie;Villaroger;Vanoise;bas du couloir en S / envers aiguille rouge;;2450;;O;0;0;0;hors-piste;ski;;
1415-31-01;02/02/2015;14:30;Haute-Garonne;Boutx;Luchonnais;couloir fontaine de pan;;;;N;1;0;0;hors-piste;ski;;
1415-73-16;03/03/2015;12:00;Savoie;Orelle;Vanoise;face ouest col renod;;;;SO;1;0;0;hors-piste;ski;;
1516-73-01;05/01/2016;13:58;Savoie;Saint Colomban les Villards;Maurienne;pierre du turc / crete de tete bellard;"45o15'09"" / 6o13'26""";2150;40-44;NO;1;0;0;hors-piste;ski;;
1516-73-02;05/01/2016;11:50;Savoie;Val d'Isere;Haute Tarentaise;super santon;"44o26'6"" / 6o57'24""";2375;35-39;SE;1;0;0;hors-piste;ski;;
1617-73-08;05/02/2017;14:40;Savoie;Modane;Haute Maurienne;couloir en Y du seuil;"45o9'50.76"" / 6o39'56.86""";2240;35-39;NE;1;0;0;hors-piste;ski;;
1314-73-19;06/03/2014;10:40;Savoie;Peisey Nancroix;Vanoise;nord bellecote;"45o29'43.72"" / 6o46'39.49""";3150;40-44;N;0;0;0;hors-piste;ski;;
1415-73-14;07/02/2015;13:03;Savoie;Peisey Nancroix;Vanoise;couloir des canadiens face nord bellecote;"45o29'54.4"" // 6o46'15.99""";3050;40-44;NO;0;1;0;hors-piste;ski;;
1617-05-09;07/03/2017;16:00;Hautes-Alpes;Saint Andre d'Embrun;Embrunais Parpaillon;clos chardon;"44o35'5.73 / 6o38'29.58""";2315;>45;NE;1;0;1;hors-piste;ski;;
1617-05-04;11/02/2017;15:55;Hautes-Alpes;Val des Pres;Queyras;couloir ombilic;"44o53'39.24"" / 6o41'57.31""";2350;40-44;N;1;0;0;hors-piste;ski;;
1516-73-15;13/02/2016;12:55;Savoie;Perriere;Vanoise;les lanches;"45o24'40"" / 6o35""55""";2150;40-44;N;0;1;0;hors-piste;ski;;
1314-04-01;17/01/2014;14:00;Alpes-de-Haute-Provence;Uvernet Fours;Ubaye;pra loup teleski du lac;;;;O;0;1;0;hors-piste;ski;;
1415-74-02;21/01/2015;12:00;Haute-Savoie;Chamonix;Mont Blanc;couloir requiin;;2450;40-44;NE;1;0;0;hors-piste;ski;;
1314-06-01;26/01/2014;10:10;Alpes-Maritimes;Saint Etienne Tinee;Mercantour;Auron sous telesiege d“me;"44o12'44.8"" / 6o54'04.8""";2300;35-39;E;1;0;0;hors-piste;ski;;
1314-73-04;26/12/2013;11:00;Savoie;Aime;Vanoise;dos des frasses;45o30'27.79'' / 6o39'40.68'';2245;35-39;N;1;0;0;hors-piste;ski;;
1415-06-02;28/12/2014;11:40;Alpes-Maritimes;Saint Etienne de Tinee;Mercantour;secteur cimetiere des dames;"44o13'23.3""/6o53'27.7""";2300;40-44;NE;1;0;0;hors-piste;ski;;
1415-73-03;30/12/2014;15:00;Savoie;Allues;Vanoise;lac de la chambre;"45o19'02.85"" // 6o35'25.17""";2720;40-44;NO;1;0;0;hors-piste;ski;;
1415-05-03;21/01/2015;09:55;Hautes-Alpes;Puy Saint Vincent;Pelvoux;couloir des faveyrettes;"44o48'37.1"" / 6o27'30.5""";2350;35-39;NO;0;1;1;hors-piste;ski;;
1314-38-01;26/01/2014;14:40;Isere;Auris;Grandes Rousses;combe des girauds;45o03.926 / 6o05.497;2000;30-34;S;2;0;0;hors-piste;ski;;
1314-74-03;27/12/2013;10:45;Haute-Savoie;Clusaz;Aravis;combe de torchere;"45o53'25"" / 6o29'15""";2375;30-34;NO;2;0;0;hors-piste;ski;;
1718-38-12;04/03/2018;14:35;Isere;Oz en Oisans;Grandes Rousses;couloir perrins;;;;O;0;1;0;hors-piste;ski;;
1516-38-01;13/01/2016;15:45;Isere;Mont de Lans;Oisans;piste noire de Bellecombe / montagne de Rachas;"44o59'41.59"" / 6o9'28.08""";2690;35-39;NE;3;1;0;hors-piste;ski;;
1718-73-10;05/02/2018;13:35;Savoie;Pralognan la Vanoise;Vanoise;couloir de l'eau;"45o23'9"" / 6o44'59""";1890;30-34;SO;0;0;0;minage;ski;;
1415-73-10;02/02/2015;08:55;Savoie;Valloire;Haute Maurienne;secteur Setaz;;2200;35-39;NE;0;0;1;minage;ski;;
1718-73-14;01/03/2018;09:05;Savoie;Pralognan la Vanoise;Vanoise;couloir de l'eau;"45o23'9"" / 6o44'57""";1890;30-34;SO;0;0;0;minage;ski;;
1718-38-19;09/12/2017;09:30;Isere;Alpe d'Huez;Grandes Rousses;sommet marmottes 2;;;;O;0;1;0;minage;ski;;
1718-38-18;13/03/2018;09:20;Isere;Alpe d'Huez;Grandes Rousses;combe 3000 pic blanc;"45o7'29"" / 6o7'39""";3300;35-39;S;0;2;0;minage;ski;;
1516-73-18;05/04/2016;10:30;Savoie;Bessans;Haute Maurienne;piste noire de fond Barmette / couloir issu pointe de Tierce;"45o18'57"" / 7o0'21""";1970;35-39;NO;0;0;3;piste;ski;;
1617-73-13;07/03/2017;09:45;Savoie;Tignes;Haute Tarentaise;grande balme piste Carline;"45o26'43.09"" / 6o53'8.77""";2650;40-44;N;1;5;14;piste;ski;;
1516-74-03;13/01/2016;13:35;Haute-Savoie;Morzine;Chablais;secteur arare;;2255;40-44;NO;0;0;0;piste;ski;;
1516-73-06;17/01/2016;16:30;Savoie;Saint Martin de Belleville;Vanoise;piste david douillet;;;;O;0;0;0;piste;ski;;
1718-73-08;09/01/2018;14:30;Savoie;Valmeinier;Haute Maurienne;piste verte lauze balise 30 31;"45o10'38"" / 6o31'14""";2610;>45;O;1;0;0;piste;ski;;
1718-38-08;02/03/2018;16:45;Isere;Mont de Lans;Oisans;piste verte bellecombe 1;"44o59'57.6"" / 6o9'15.95""";2430;35-39;NE;0;0;0;piste;ski;;
1718-38-01;02/12/2017;;Isere;Saint Christophe sur Guiers;Chartreuse;combe de l'ours petit som;"45o23'5"" / 5o48'35""";1670;35-39;SO;0;0;2;randonnee;ski;;
1718-38-02;02/12/2017;;Isere;Saint Pancrasse;Chartreuse;pas de l'oeille dent de crolles;"45o18'31"" / 5o51'8""";1910;40-44;SO;0;0;1;randonnee;ski;;
1718-73-03;15/12/2017;14:10;Savoie;Granier;Beaufortain;la poula face est pointe combe benite;"45o35'26"" / 6o37'4""";2410;40-44;E;0;0;1;randonnee;ski;;
1718-15-01;16/12/2017;;Cantal;Laveissiere;Lioran;fond alagnon;"45o5'33"" / 2o43'3""";1530;35-39;SE;1;0;1;randonnee;ski;;
1718-66-01;30/12/2017;13:10;Pyrenees-Orientales;Porte Puymorens;Capcir Puymorens;pic dels pedrons;"42o31'55"" / 1o45'11""";2610;40-44;SE;0;4;0;randonnee;ski;;
1718-73-04;30/12/2017;16:00;Savoie;Val d'Isere;Haute Tarentaise;face ouest pelaou blanc;"45o23'52"" / 6o59'56""";2740;35-39;SO;1;0;1;randonnee;ski;;
1718-65-03;09/01/2018;15:00;Hautes-Pyrenees;Aragnouet;Haute Bigorre;;;1600;;O;0;0;1;randonnee;ski;;
1718-38-03;17/01/2018;;Isere;Chamrousse;Belledonne;breche robert sud;"45o8'0'' / 5o54'38""";2000;35-39;NO;0;0;1;randonnee;ski;;
1718-88-01;01/02/2018;;Vosges;Saint Maurice sur Moselle;Ballon d'Alsace;couloir de Birkel;"47o49'26"" / 6o50'48""";1210;>45;E;1;0;1;randonnee;ski;;
1718-05-02;02/02/2018;;Hautes-Alpes;Monetier les Bains;Grandes Rousses;vallon roche noire pic blanc galibier;;;;O;0;0;0;randonnee;ski;;
1718-38-05;14/02/2018;14:45;Isere;Lavaldens;Oisans;vallon guillaume;44o56'37.96'' / 5o55'18.8'';2300;30-34;NO;0;1;0;randonnee;ski;;
1718-73-11;18/02/2018;12:06;Savoie;Epierre;Maurienne;faux gros villan;"45o26'44"" / 6o21'01""";2550;40-44;NO;0;0;0;randonnee;ski;;
1718-05-04;18/02/2018;12:00;Hautes-Alpes;Orcieres;Champsaur;pic de barle;"44o38'4"" / 6o19'22""";2610;35-39;NO;1;0;0;randonnee;ski;;
1718-65-09;23/02/2018;;Hautes-Pyrenees;Vieille Aure;Aure Louron;versant sud pic d'aygues cluses;"42o52'15.8"" / 0o10'0.0""";2570;>45;SE;0;0;1;randonnee;ski;;
1718-65-06;03/03/2018;12:00;Hautes-Pyrenees;Aragnouet;Haute Bigorre;pic de marioules;;;;O;0;1;2;randonnee;ski;;
1718-74-03;03/03/2018;14:30;Haute-Savoie;Grand Bornand;Aravis;refuge gramusset;"45o57'16.80"" / 6o31'59.30";1800;30-34;O;0;6;0;randonnee;ski;;
1718-38-09;03/03/2018;;Isere;Saint Pancrasse;Chartreuse;pas de l'oeille dent de crolles;;;;O;0;0;0;randonnee;ski;;
1718-05-06;04/03/2018;13:50;Hautes-Alpes;Grave;Grandes Rousses;puy golefre;;;;O;0;1;0;randonnee;ski;;
1718-74-10;24/03/2018;09:00;Haute-Savoie;Chevaline;Bauges;couloir nord Trelod;"45o41'43.4""/6o11'49.37""";1900;>45;NE;0;1;1;randonnee;ski;;
1718-73-20;25/03/2018;16:25;Savoie;Modane;Haute Maurienne;belle plinier nord ouest;"45o9'36"" / 6o41'39""";2550;35-39;NO;0;0;2;randonnee;ski;;
1718-74-11;31/03/2018;11:30;Haute-Savoie;Sixt Fer a Cheval;Chablais;col de portette;;;;E;0;0;0;randonnee;ski;;
1718-74-13;30/04/2018;11:00;Haute-Savoie;Chamonix;Mont Blanc;glacier rond;"45o52'41.4"" / 6o52'39.6""";3450;>45;NO;1;0;1;randonnee;ski;;
1617-73-20;01/03/2017;15:00;Savoie;Lanslevillard;Haute Maurienne;pas du loup;;2250;>45;O;0;0;0;randonnee;ski;;
1516-63-01;01/05/2016;12:00;Puy-de-Dome;Mont Dore;Mont Dore;cascade de la dore;;;;N;1;0;0;randonnee;ski;;
1314-74-02;01/12/2013;12:25;Haute-Savoie;Avoriaz;Chablais;pointe de vorlaz;46o10.877 / 6o48.004;2290;35-39;S;0;0;0;randonnee;ski;;
1314-74-09;02/03/2014;15:30;Haute-Savoie;Chamonix;Mont Blanc;aiguille belvedere;32t0335523 / 5094797;2880;35-39;SO;0;1;0;randonnee;ski;;
1314-74-11;02/03/2014;10:30;Haute-Savoie;Clusaz;Aravis;;;;;O;0;0;0;randonnee;ski;;
1314-05-09;02/03/2014;12:00;Hautes-Alpes;Salle les Alpes;Thabor;crete echaillon;44.99943 / 6.58156;2560;30-34;NE;0;0;0;randonnee;ski;;
1516-88-01;03/03/2016;13:45;Vosges;Saint Maurice sur Moselle;Ballon d'Alsace;belvedere de birken;"6o50'46"" / 47o49'26""";1225;>45;E;0;0;1;randonnee;ski;;
1314-73-23;04/05/2014;;Savoie;Orelle;Maurienne;roche des marches;;;;O;0;0;0;randonnee;ski;;
1314-73-24;04/05/2014;;Savoie;Sainte Foy Tarentaise;Haute Tarentaise;grande sassiere;;;;O;0;0;0;randonnee;ski;;
1314-74-06;05/01/2014;17:30;Haute-Savoie;Houches;Mont Blanc;couloir vogealle;32T0329674 / 5087618;2175;35-39;NO;0;0;1;randonnee;ski;;
1314-73-09;05/01/2014;14:00;Savoie;Lechere;Beaufortain;croix de la bagnaz;;2300;;O;0;0;0;randonnee;ski;;
1415-73-04;05/01/2015;13:05;Savoie;Sainte Foy Tarentaise;Haute Tarentaise;face nord fogliettaz;"45o34'55.9"" / 6o56'17.66""";2820;40-44;N;0;0;3;randonnee;ski;;
1314-05-10;05/03/2014;;Hautes-Alpes;Chateauroux les Alpes;Champsaur;tete clotinailles;;;;NE;0;0;0;randonnee;ski;;
1415-38-06;05/03/2015;13:00;Isere;Allemond;Belledonne;col de roche noire;"45o11'7.74"" / 5o59'26.36""";2500;30-34;NE;1;0;0;randonnee;ski;;
1415-05-05;06/02/2015;;Hautes-Alpes;Monetier les Bains;Thabor;ruisseau rif blanc;;;;O;0;0;0;randonnee;ski;;
1314-38-04;06/03/2014;13:45;Isere;Ferriere d'Allevard;Belledonne;couloir NO rocher blanc;;;;O;0;0;0;randonnee;ski;;
1415-74-09;06/04/2015;13:00;Haute-Savoie;Clusaz;Aravis;couloir lana / combe creuse;;;;O;1;0;1;randonnee;ski;;
1415-73-20;06/04/2015;;Savoie;Saint Jean de Belleville;Vanoise;mont du fut face nord;;2730;;O;0;0;0;randonnee;ski;;
1415-38-02;07/02/2015;15:00;Isere;Freney d'Oisans;Grandes Rousses;grandes buffes;"45o04'06.5"" / 6o06'30.7""";1970;35-39;O;0;0;0;randonnee;ski;;
1415-06-01;07/12/2014;10:45;Alpes-Maritimes;Isola;Mercantour;cime lombarde;"44o12'15"" / 7o09'37""";2600;35-39;SO;0;0;0;randonnee;ski;;
1415-74-06;08/02/2015;11:55;Haute-Savoie;Cordon;Aravis;croise baulet couloir nant d'enfer;32T309541/5085482;1930;30-34;O;0;0;1;randonnee;ski;;
1415-38-03;08/02/2015;11:30;Isere;Villard de Lans;Vercors;roc cornafion;"45o4'9.75"" / 5o36'3.33";1830;40-44;SO;0;0;0;randonnee;ski;;
1314-05-11;08/03/2014;14:00;Hautes-Alpes;Villar d'Arene;Oisans;passe de midi;;;;NE;0;0;0;randonnee;ski;;
1516-65-01;08/03/2016;;Hautes-Pyrenees;Bagnere de Bigorre;Haute Bigorre;col d'aouet;;;;NO;1;0;1;randonnee;ski;;
1314-73-11;09/01/2014;12:30;Savoie;Valloire;Maurienne;crete de lachat;;2840;40-44;NO;0;0;0;randonnee;ski;;
1314-73-30;09/02/2014;14:50;Savoie;Saint Jean de Belleville;Vanoise;point 2482 combe pierreux;45,415449N/6,425394S;2400;40-44;NE;0;0;0;randonnee;ski;;
1314-73-12;10/01/2014;12:00;Savoie;Bonneval sur Arc;Haute Maurienne;ouille mouta;"45o21'48.02"" / 7o4'51.46""";2635;40-44;NO;1;0;0;randonnee;ski;;
1314-74-01;11/11/2013;16:55;Haute-Savoie;Contamines Montjoie;Mont Blanc;aiguille croche;;2300;30-34;SE;0;0;1;randonnee;ski;;
1314-73-18;12/02/2014;14:50;Savoie;Lechere;Beaufortain;pointe du dzonfie;45o34.960 / 6o34.326;2340;30-34;SO;1;0;0;randonnee;ski;;
1617-38-02;12/02/2017;14:00;Isere;Saint Christophe sur Guiers;Chartreuse;pas du loup;31T719513 / 5029285;1400;30-34;SO;0;0;0;randonnee;ski;;
1415-65-01;12/12/2014;;Hautes-Pyrenees;Sers;Haute Bigorre;pic de barbe;;;;O;0;0;2;randonnee;ski;;
1314-38-05;13/03/2014;17:00;Isere;Pinsot;Belledonne;couloir pertuis;;;;O;0;0;1;randonnee;ski;;
1314-74-10;13/04/2014;11:10;Haute-Savoie;Clusaz;Aravis;combe … marion;;;;O;0;0;2;randonnee;ski;;
1617-73-19;13/11/2016;11:15;Savoie;Tignes;Haute Tarentaise;face nord pointe du chardonnet;;2800;;O;0;0;0;randonnee;ski;;
1617-73-03;14/01/2017;14:00;Savoie;Bonneval sur Arc;Haute Maurienne;plan de l'aigle NO Ouille Motta;;2300;40-44;NO;0;0;2;randonnee;ski;;
1516-73-17;15/03/2016;14:15;Savoie;Saint Jean de Belleville;Vanoise;face SE cochet;;1700;;O;0;0;0;randonnee;ski;;
1516-05-01;16/01/2016;12:00;Hautes-Alpes;Orres;Embrunais Parpaillon;tete de la mazeliere / rocher marcelinas;;;;O;0;0;1;randonnee;ski;;
1415-06-04;16/02/2015;10:15;Alpes-Maritimes;Saint Dalmas de Selvage;Mercantour;route col bonnette lieudit Le Pra;;;;O;2;0;1;randonnee;ski;;
1617-73-11;16/02/2017;11:00;Savoie;Lanslevillard;Haute Maurienne;secteur pas de l'arcelle;"45o16'45.38"" / 6o57'09.31""";2450;35-39;NE;0;0;5;randonnee;ski;;
1617-05-13;16/04/2017;09:55;Hautes-Alpes;Rots;Embrunais Parpaillon;gros ferrant;"44o28'06.98"" / 6o27'31.63";2270;40-44;N;0;0;0;randonnee;ski;;
1415-73-01;18/12/2014;09:20;Savoie;Tignes;Haute Tarentaise;grattalu / aiguillette;;2747;>45;SE;1;0;3;randonnee;ski;;
1617-73-05;19/01/2017;11:50;Savoie;Saint Bon Tarentaise;Vanoise;col du biol;"45o22'44.52 / 6o41'14.04""";2430;30-34;O;1;0;0;randonnee;ski;;
1516-73-11;21/01/2016;13:55;Savoie;Cote d'Aime;Beaufortain;mont rosset;;2440;;O;0;0;0;randonnee;ski;;
1314-05-01;23/12/2013;;Hautes-Alpes;Cervieres;Queyras;col peygus;;2600;;O;0;0;0;randonnee;ski;;
1516-38-04;24/04/2016;11:00;Isere;Laval;Belledonne;cime de la jasse est;;2300;30-34;SE;2;1;1;randonnee;ski;;
1314-05-05;25/01/2014;17:00;Hautes-Alpes;Nevache;Thabor;pointe riou blanc;;;;O;1;0;0;randonnee;ski;;
1314-05-06;26/01/2014;;Hautes-Alpes;Saint Etienne Devoluy;Devoluy;vallon d'ane;;;;O;0;0;0;randonnee;ski;;
1617-04-01;26/03/2017;14:10;Alpes-de-Haute-Provence;Saint Paul sur Ubaye;Ubaye;col mirandol vallon grand;44o30'15.4 / 6o47'58.2;2480;40-44;NO;2;0;2;randonnee;ski;;
1516-74-08;27/02/2016;11:10;Haute-Savoie;Clusaz;Aravis;combe de la grande forclaz;32T0307842 / 5089692;1980;35-39;NO;1;0;0;randonnee;ski;;
1617-05-01;27/12/2016;15:10;Hautes-Alpes;Cervieres;Queyras;petit peygu face nord est;"44o50'31.11"" / 6o42'25.83""";2570;35-39;NE;0;0;0;randonnee;ski;;
1314-05-07;28/01/2014;13:00;Hautes-Alpes;Reallon;Champsaur;col coupa;;;;O;0;0;2;randonnee;ski;;
1617-73-07;28/01/2017;16:17;Savoie;Montricher Albanne;Maurienne;combe des sallanches;"45o11'4.94"" / 6o23""21.14""";2460;35-39;NE;0;0;1;randonnee;ski;;
1617-74-03;28/04/2017;;Haute-Savoie;Avoriaz;Chablais;;;;;O;1;0;0;randonnee;ski;;
1617-05-02;29/01/2017;11:40;Hautes-Alpes;Ceillac;Queyras;col des ugousses;;;;O;0;0;0;randonnee;ski;;
1314-15-01;29/03/2014;14:00;Cantal;Vigerie;Lioran;puy bataillouse;45o06'05.75 / 2o43'21.83;1540;40-44;N;0;0;1;randonnee;ski;;
1617-73-15;30/04/2017;12:05;Savoie;Bourg Saint Maurice;Beaufortain;versant nord col nova;;;;O;0;0;1;randonnee;ski;;
1314-74-05;30/12/2013;12:25;Haute-Savoie;Sixt Fer a Cheval;Chablais;passage du derochoir;"45o58'04.7"" / 6o44'59.7""";2150;30-34;N;0;0;1;randonnee;ski;;
1718-65-01;26/11/2017;;Hautes-Pyrenees;Aragnouet;Haute Bigorre;pic du piau;;;;N;0;0;0;randonnee;ski;;
1718-05-01;08/12/2017;15:15;Hautes-Alpes;Saint Veran;Queyras;pointe des marcelettes;"44o40'5' / 6o51'5""";2550;35-39;NO;0;0;0;randonnee;ski;;
1718-65-02;09/01/2018;13:30;Hautes-Pyrenees;Cauterets;Haute Bigorre;cascade ilheou;"42o52'10"" / 0o9'46""";1790;30-34;N;0;1;0;randonnee;ski;;
1718-73-09;05/02/2018;17:35;Savoie;Sainte Foy Tarentaise;Haute Tarentaise;pointe du grand soliet;"45o34'50"" / 6o56'25""";2880;40-44;NE;0;0;0;randonnee;ski;;
1718-38-04;13/02/2018;13:45;Isere;Saint Christophe en Oisans;Oisans;face est breche du rateau;"44o59'26"" / 6o17'8""";3140;35-39;SE;0;0;0;randonnee;ski;;
1718-74-17;24/02/2018;13:45;Haute-Savoie;Manigod;Aravis;couloir chauchefoin;;;>45;O;0;0;0;randonnee;ski;;
1718-38-07;24/02/2018;09:30;Isere;Pinsot;Belledonne;refuge de l'oule;"45o18'38"" / 6o8'17""";2035;35-39;N;0;1;0;randonnee;ski;;
1718-73-15;03/03/2018;13:35;Savoie;Areche Beaufort;Beaufortain;lac tournant;;2000;30-34;N;1;1;0;randonnee;ski;;
1718-05-07;04/03/2018;14:15;Hautes-Alpes;Pelvoux;Pelvoux;la blanche / les essanyeres;"44o51'18"" / 6o27'49""";1990;35-39;SE;0;0;0;randonnee;ski;;
1718-38-10;04/03/2018;10:45;Isere;Saint Agnes;Belledonne;lac de crop;"45o12'30"" / 5o59'30""";2000;40-44;NO;0;1;0;randonnee;ski;;
1718-74-05;04/03/2018;13:45;Haute-Savoie;Vallorcine;Mont Blanc;couloir rand;;1775;35-39;SE;0;0;1;randonnee;ski;;
1718-38-13;04/03/2018;15:10;Isere;Vaujany;Grandes Rousses;cote belle;;;;O;0;0;0;randonnee;ski;;
1718-74-09;05/03/2018;16:45;Haute-Savoie;Faverges-Seythenex;Bauges;sambuy;"45o41'54.10""/6o15'53.20""";2060;>45;NO;0;0;0;randonnee;ski;;
1718-74-08;05/03/2018;14:00;Haute-Savoie;Magland;Aravis;champ fleury / tete du chƒteau;"45o59'29.90""/6o34'26.9""";2100;30-34;SE;0;0;0;randonnee;ski;;
1718-38-14;18/03/2018;11:45;Isere;Sarcenas;Chartreuse;chamechaude couloir folatiere;"45o17'12"" / 5o47'14""";2040;35-39;O;0;0;1;randonnee;ski;;
1718-05-09;22/03/2018;10:35;Hautes-Alpes;Champcella;Pelvoux;vallon de la selle / tete de vautisse;"44o42'5"" / 6o29'27""";2900;30-34;E;0;1;1;randonnee;ski;;
1718-04-01;06/04/2018;15:10;Alpes-de-Haute-Provence;Saint Paul sur Ubaye;Ubaye;tete de l'eyssilloun couloir nord principal;44o505423 / 6o809782;2890;;O;0;0;0;randonnee;ski;;
1718-38-15;03/05/2018;12:20;Isere;Saint Christophe en Oisans;Oisans;col des ecrins;;;;O;0;0;0;randonnee;ski;;
1314-73-26;04/05/2014;11:00;Savoie;Bessans;Haute Maurienne;selle de l'albaron;"45o19'44.24""/7o06'24.85""";3430;40-44;SO;1;0;0;randonnee;ski;;
1415-04-01;08/02/2015;11:20;Alpes-de-Haute-Provence;Vernet;Ubaye;sommet grisonniere;32T293313 / 4904154;1910;35-39;NO;0;0;1;randonnee;ski;;
1617-05-14;08/05/2017;12:00;Hautes-Alpes;Vars;Queyras;couloir nord crete laugier;"44o35'38.38"" / 6o45'29.09""";2950;>45;NE;0;0;0;randonnee;ski;;
1415-05-07;09/02/2015;10:45;Hautes-Alpes;Cervieres;Queyras;col de chaudemaison;;2400;30-34;O;1;0;0;randonnee;ski;;
1516-74-10;09/03/2016;;Haute-Savoie;Petit Bornand des Glieres;Aravis;pointe de sosay;;;;O;1;0;0;randonnee;ski;;
1617-74-01;12/02/2017;13:15;Haute-Savoie;Clusaz;Aravis;combe du rocher jaune face N pointe merdassier;32T0302123 / 5082122;1970;35-39;N;1;0;0;randonnee;ski;;
1617-74-02;12/02/2017;08:30;Haute-Savoie;Praz sur Arly;Mont Blanc;secteur Very;32t 316209/5074550;2250;35-39;NO;1;0;0;randonnee;ski;;
1617-64-01;14/01/2017;12:17;Pyrenees-Atlantiques;Laruns;Aspe Ossau;crete de gabarderes;"42o51'5"" / 0o22'6""";2300;35-39;N;2;0;1;randonnee;ski;;
1314-73-27;18/05/2014;12:30;Savoie;Bessans;Haute Maurienne;pointe charbonnel;;;;NE;0;1;0;randonnee;ski;;
1617-73-06;20/01/2017;14:30;Savoie;Sainte Foy Tarentaise;Haute Tarentaise;col de l'argentiere archeboc;"45o35'52.77"" / 6o57'33.75""";2150;35-39;NO;1;0;0;randonnee;ski;;
1617-73-18;20/05/2017;18:10;Savoie;Sainte Foy Tarentaise;Haute Tarentaise;face nord pointe des plates des chamois sous point cote 3441 m;"45o32'18.01"" / 6o58'20.03""";3240;>45;N;0;0;0;randonnee;ski;;
1415-38-04;22/02/2015;13:15;Isere;Saint Honore;Oisans;combe de la mouche;"44o47'570"" / 5o50'175""";1950;30-34;O;1;1;2;randonnee;ski;;
1314-73-03;22/12/2013;11:15;Savoie;Pralognan la Vanoise;Vanoise;entre chalet ritort et rosoire, lit du ruisseau du ritort;"45o18'661""/6o41'137""";2150;35-39;NO;1;0;0;randonnee;ski;;
1415-73-02;22/12/2014;12:35;Savoie;Modane;Vanoise;lac de chaviere;45o16'10.70 // 6o38'09.40;3100;35-39;SE;1;0;1;randonnee;ski;;
1415-73-21;23/01/2015;12:50;Savoie;Valloire;Thabor;pointe des cerces face nord;"45o4'4.2"" //6o29'2.95""";2980;35-39;NE;1;0;0;randonnee;ski;;
1516-05-03;23/02/2016;13:00;Hautes-Alpes;Ceillac;Queyras;vallon ste anne;"44o37'14.6"" / 6o48'6.45""";2520;35-39;NE;1;0;0;randonnee;ski;;
1314-73-13;25/01/2014;13:45;Savoie;Presle;Belledonne;"couloir SO ""intime"" Gargoton";45,41996 / 6,21212;2330;35-39;SO;1;0;1;randonnee;ski;;
1314-74-08;25/02/2014;12:30;Haute-Savoie;Vallorcine;Mont Blanc;Mont Buet;32T333730 / 5099285;3040;>45;NE;0;1;0;randonnee;ski;;
1516-74-07;27/02/2016;10:15;Haute-Savoie;Chamonix;Mont Blanc;lac du brevent;32T331433 / 5088949;2100;30-34;SO;1;0;0;randonnee;ski;;
1415-38-01;28/01/2015;12:20;Isere;Villard de Lans;Vercors;combe chaulange;45o04.126 / 05o36.163;1870;35-39;SO;1;0;2;randonnee;ski;;
1415-38-05;28/02/2015;10:10;Isere;Saint Pierre de Chartreuse;Chartreuse;combe ouest charmant som;"45o19'37.0""/5o45'41.3""";1690;30-34;O;1;0;0;randonnee;ski;;
1415-73-17;29/03/2015;11:45;Savoie;Bonneval sur Arc;Haute Maurienne;col du montet;"45o25'57.7"" // 7o05'37.8""";3200;40-44;S;1;1;2;randonnee;ski;;
1516-74-04;30/01/2016;09:57;Haute-Savoie;Clusaz;Aravis;combe du grand cret / tete pelouse;"45o54'34.9"" / 6o30'36.9""";2500;40-44;NO;1;0;0;randonnee;ski;;
1314-38-03;31/01/2014;15:50;Isere;Revel;Belledonne;grand colon face ouest;45o09.680 / 5o55.219;2165;30-34;O;1;0;0;randonnee;ski;;
1415-05-01;31/12/2014;12:50;Hautes-Alpes;Monetier les Bains;Thabor;secteur col du galibier;"45o3'35.3"" / 6o23'56.4""";2750;30-34;E;1;0;0;randonnee;ski;;
1718-74-01;09/12/2017;12:25;Haute-Savoie;Faverges-Seythenex;Bauges;petite sambuy;"45o41'46.40' / 6o15'57.60""";1990;>45;NE;0;1;0;randonnee;ski;;
1718-73-13;24/02/2018;;Savoie;Beaufort;Beaufortain;lac d'amour / pierra menta;;;;NO;0;0;0;randonnee;ski;;
1415-74-01;24/12/2014;;Haute-Savoie;Contamines Montjoie;Mont Blanc;glacier armancette;"45o48'24.2""/6o47'01.4""";3400;35-39;O;0;0;2;randonnee;ski;;
1415-05-10;01/04/2015;14:45;Hautes-Alpes;Pelvoux;Pelvoux;col emile pic;"44o57'16.8"" / 6o23'12.3""";3420;>45;SE;4;2;2;randonnee;ski;;
1617-05-06;17/02/2017;12:35;Hautes-Alpes;Montgenevre;Thabor;couloir nord est mont chaberton;"44o57'57.8"" / 6o45'2.6""";3040;40-44;NE;0;0;3;randonnee;ski;;
1718-74-12;02/04/2018;11:00;Haute-Savoie;Chamonix;Mont Blanc;pointe alphonse favre;"45o59'18"" / 6o51'42""";2680;40-44;S;0;0;1;randonnee;ski;;
1516-73-08;18/01/2016;13:05;Savoie;Modane;Haute Maurienne;col du petit argentier;"45o8'8.47"" / 6o38'53.22""";2600;>45;E;8;3;7;randonnee;ski;;
1415-05-04;24/01/2015;11:40;Hautes-Alpes;Ceillac;Queyras;combe du bachas;"44o38'16.8"" / 6o45'59.7""";2770;35-39;NE;6;0;0;randonnee;ski;;
1718-06-01;02/03/2018;10:30;Alpes-Maritimes;Entraunes;Haut Var;estenc / tete de crepine / cabane garret;"44o15'2"" / 6o44'40""";2280;35-39;E;1;1;4;randonnee;ski;;
1415-73-08;31/01/2015;;Savoie;Aussois;Vanoise;ruisseau de la fournache;"45o15'55.09"" / 6o43'42.25""";2370;30-34;S;1;0;0;releves EDF / deplacement ski de rando;ski;;
1718-65-05;14/02/2018;14:45;Hautes-Pyrenees;Cauterets;Haute Bigorre;piste asphodele / pic de Monne;"42o53'30' / 0o10'14""";2600;>45;SE;0;0;3;hors-piste;snowboard;;
1415-73-11;02/02/2015;15:45;Savoie;Saint Bon Tarentaise;Vanoise;hors-piste chanrossa;;2250;;O;1;0;0;hors-piste;snowboard;;
1415-73-15;03/03/2015;11:35;Savoie;Orelle;Vanoise;;;;;O;1;0;0;hors-piste;snowboard;;
1314-73-07;29/12/2013;16:15;Savoie;Aime;Vanoise;dos des frasses;32T317154 / 5041892;2200;40-44;NO;0;0;0;hors-piste;snowboard;;
1718-73-05;02/01/2018;14:10;Savoie;Lanslebourg;Haute Maurienne;montagne de montfroid;"45o16'4"" / 6o52'7""";2290;35-39;N;0;1;0;hors-piste;snowboard;;
1415-73-13;03/02/2015;;Savoie;Saint Martin de Belleville;Vanoise;hors piste de l'entonnoir;;;;O;1;0;0;hors-piste;snowboard;;
1415-73-09;31/01/2015;;Savoie;Meribel;Vanoise;secteur du verdet;;;;O;1;0;0;hors-piste;snowboard;;
1617-73-14;07/03/2017;16:00;Savoie;Modane;Haute Maurienne;couloir du seuil;"45o9'50.05"" // 6o39'57.24""";2251;35-39;NE;2;0;1;hors-piste;snowboard;;
1415-38-07;23/01/2015;12:30;Isere;Villard de Lans;Vercors;crete des crocs;"45o4'42.13"" / 5o36'22.8""";;35-39;NO;0;0;0;randonnee;snowboard;;
1415-09-02;03/03/2015;15:00;Ariege;Hospitalet Pres l'Andorre;Haute Ariege;roc de carroux / voie RN 320;"42o34'49.1"" / 1o47'06.4""";1900;40-44;SE;0;0;0;autre;vehicule route;;
1415-06-03;06/02/2015;;Alpes-Maritimes;Isola;Mercantour;route acces isola M97;;;;O;0;0;0;autre;vehicule route;;
